"","Name","Drug","MOA","xMIC","accA2.Rv0973c","accD2.Rv0974c","aceE.Rv2241","acn.Rv1475c","adoK.Rv2202c","alaS.Rv2555c","argC.Rv1652","argG.Rv1658","aroF.Rv2540c","aroG.Rv2178c","asnB.Rv2201","aspB.Rv3565","aspS.Rv2572c","canB.Rv3588c","ccsX.Rv3673c","cstA.Rv3063","ctaC.Rv2200c","cysS1.Rv3580c","dapB.Rv2773c","dapE.Rv1202","dapF.Rv2726c","def.Rv0429c","desA1.Rv0824c","desA2.Rv1094","dfrA.Rv2763c","dlat.Rv2215","dnaE1.Rv1547","dnaK.Rv0350","dnaN.Rv0002","dxr.Rv2870c","efpA.Rv2846c","embC.Rv3793","eno.Rv1023","fadD30.Rv0404","fadD32.Rv3801c","fas.Rv2524c","fba.Rv0363c","fmt.Rv1406","folB.Rv3607c","ftsK.Rv2748c","ftsW.Rv2154c","fum.Rv1098c","gap.Rv1436","gatA.Rv3011c","gatB.Rv3009c","gca.Rv0112","gcvH.Rv1826","glcB.Rv1837c","glgB.Rv1326c","glmU.Rv1018c","gltB.Rv3859c","gpm1.Rv0489","gpsI.Rv2783c","grcC1.Rv0562","guaB2.Rv3411c","gyrA.Rv0006","gyrB.Rv0005","H37Rv.BC02","hemA.Rv0509","hemB.Rv0512","hemC.Rv0510","hemL.Rv0524","hemY.Rv2677c","hemZ.Rv1485","hisI.Rv1606","hsdM.Rv2756c","icd2.Rv0066c","ilvC.Rv3001c","infB.Rv2839c","ino1.Rv0046c","iscS.Rv3025c","kasA.Rv2245","kasB.Rv2246","leuA.Rv3710","leuB.Rv2995c","leuS.Rv0041","lipA.Rv2218","lipU.Rv1076","lysA.Rv1293","manA.Rv3255c","manB.Rv3264c","mdh.Rv1240","menD.Rv0555","menE.Rv0542c","menH.Rv0558","metA.Rv3341","metE.Rv1133c","metS.Rv1007c","mmpl2.Rv0507","moxR1.Rv1479","mprB.Rv0982","mshC.Rv2130c","murA.Rv1315","murC.Rv2152c","murD.Rv2155c","murG.Rv2153c","mycP3.Rv0291","nadE.Rv2438c","ndhA.Rv0392c","nrdF2.Rv3048c","nrdH.Rv3053c","nusA.Rv2841c","otsA.Rv3490","otsB1.Rv2006","parA.Rv3918c","parB.Rv3917c","pcnA.Rv3907c","ppm1.Rv2051c","prfA.Rv1299","proB.Rv2439c","proC.Rv0500","proS.Rv2845c","pstP.Rv0018c","purD.Rv0772","purL.Rv0803","purM.Rv0809","pyrB.Rv1380","pyrH.Rv2883c","rocA.Rv1187","rpoB.Rv0667","rpsM.Rv3460c","Rv0023.Rv0023","Rv0119.Rv0119","Rv0260c.Rv0260c","Rv0282.Rv0282","Rv0283.Rv0283","Rv0284.Rv0284","Rv0289.Rv0289","Rv0338c.Rv0338c","Rv0525.Rv0525","Rv0526.Rv0526","Rv0811.Rv0811","Rv1076.Rv1076","Rv1339.Rv1339","Rv1783.Rv1783","Rv1797.Rv1797","Rv1797.Rv1797.1","Rv1836c.Rv1836c","Rv2017.Rv2017","Rv2190c.Rv2190c","Rv2219.Rv2219","Rv2235.Rv2235","Rv2507.Rv2507","Rv2747.Rv2747","Rv3267.Rv3267","Rv3644c.Rv3644c","Rv3671c.Rv3671","Rv3719.Rv3719","secY.Rv0732","serC.Rv0884c","sucC.Rv0951","sucD.Rv0952","thyA.Rv2764c","topA.Rv3646c","tpi.Rv1438","trmD.Rv2906c","trpG.Rv0013","trpS.Rv3336c","tyrS.Rv1689","wbbl2.Rv1525"
"1","CIPRO_MICx1","CIPRO","DNA Replication; Transcription","MICx1",0,1.448559586,1.706559283,1.466456785,1.354328994,1.079298318,1.224749991,1.10421527,1.673387669,1.223562514,1.275183354,1.689203585,2.064124019,1.090490893,1.483559788,1.524499522,1.446507083,1.337144913,1.361594593,1.048185279,1.207429643,1.521674229,1.83793871,1.000915312,1.314370526,1.13894764,0.864115322,1.205138014,1.070850108,1.112830442,1.112002321,1.102947514,1.362527814,1.727438085,1.372820099,1.962074424,1.315912488,1.254249459,1.212877608,1.395644192,1.333600055,1.230380566,1.157965454,1.371361921,1.14835055,1.44947774,1.219918631,1.701683748,1.394389601,1.35339451,1.509563608,1.222900968,1.377202897,1.092275985,1.426108286,-0.011444193,1.133640299,1.540923294,1.409549059,1.175951524,1.486311539,1.572319827,1.220752891,1.3338845,1.335677505,1.445831007,1.486651223,1.778893683,1.181074427,1.982696773,1.881455089,1.297854911,1.644019335,1.686314297,1.658177304,1.041840665,1.494880909,0,1.163552919,1.184187528,1.206729931,1.420215996,1.633377094,1.745116111,1.817164536,1.490713881,1.253577595,1.50801139,1.778083153,0.929818874,1.279205155,1.901706453,1.092468949,0.862370007,1.097471748,1.31414435,1.377565465,1.462023337,1.677167481,1.061114051,1.13995843,1.620931824,1.324984653,1.576981949,1.12128805,1.3443194,1.592697053,1.124740287,1.03005524,1.260257103,1.139379815,1.11771569,1.367927568,1.279865884,1.40812823,1.5182058,1.187533226,1.557284406,1.573139353,1.059194742,1.492082405,0.137503524,0,1.737014465,1.283566239,1.397722963,1.267277785,1.63308057,1.185107827,1.307542321,1.386581053,1.513591824,1.395257232,1.311419079,1.41185692,1.586235532,1.586235532,1.335599082,0.910780348,1.232854059,0,1.444348472,1.415071901,1.269615333,1.248812981,0.944587901,1.342687772,1.479153684,1.096177839,1.290499289,1.426487085,0,0.964790632,1.365338505,1.316920588,1.225735948,1.395507566,1.100394514,1.443378998,1.453032764
"2","CIPRO_MICx2","CIPRO","DNA Replication; Transcription","MICx2",0,1.795451265,1.692300407,1.706151271,1.66909307,0.94104522,1.048717536,0.883724051,1.908467961,1.357863606,0.855818504,1.871575327,2.40512946,0.867026135,1.687715701,1.796637441,1.74094172,1.677672473,1.310904844,0.917243099,1.26100539,1.927354698,2.064158931,0.982091876,1.513405723,1.182290224,0.38965877,1.397517745,0.772986943,0.833227866,1.246907174,0.789002963,1.60930646,1.933671525,1.743439112,2.174612075,1.504478488,1.372790737,1.244462239,1.721319631,1.649785026,1.163227947,1.508195514,1.756986541,1.355273243,1.793427765,1.130694709,1.743412408,1.65099856,1.580033881,1.819844434,1.611771297,1.626629572,1.415592845,1.705004652,-2.439290602,0.984663412,1.770957541,1.631770697,1.735192152,1.791510836,1.805597189,2.04814826,1.49667173,1.570121038,1.80366016,1.874203106,1.955893959,1.285176797,2.143900076,1.984617901,1.54917371,1.565318794,1.967597108,2.035798769,1.087943651,1.700611274,0,1.019875804,1.369419185,1.125954374,1.665933723,1.868180332,2.032521672,1.970784596,1.59926079,1.499286108,1.946959338,1.936727874,0.66605937,1.328939717,1.967371434,0.786569784,0.591243876,0.864849572,1.334235069,1.777822646,1.795168006,1.827685933,1.01443482,1.122711365,1.846795191,1.570526461,1.885696548,1.272834073,1.734545783,1.900247427,0.969313358,1.220336781,1.056756982,1.062855723,1.106364571,1.387457957,1.533522152,1.754118542,1.894606024,1.11603646,1.794650104,1.944795439,1.037866019,1.794868251,0.047305715,0,1.920316542,1.553196645,1.681881336,1.463892252,1.880689954,1.379426937,1.53646129,1.723845638,1.840413839,1.714425416,1.375390383,1.523889347,1.512325307,1.512325307,1.306918152,0.554301627,1.362119325,0,1.524938977,1.309952395,1.310121201,1.318277801,0.639433038,1.55677004,1.906785374,1.024701262,1.434701079,1.765428674,0,0.312865778,1.494962657,1.244512092,1.281214121,1.634220149,1.36571504,1.746072057,1.78891595
"3","CIPRO_MICx4","CIPRO","DNA Replication; Transcription","MICx4",0,2.932013548,3.770330003,2.594962458,2.207640582,0.831613639,0.468852084,0.278833405,2.678488406,0.705374007,-2.415771892,2.554572288,2.690498467,-0.038735597,2.661841367,3.219840592,3.605220142,3.113890008,-0.505589585,0.083602394,1.982562749,3.604806334,2.000746934,1.550916084,1.766128537,2.606757045,-0.896745937,1.587931979,-0.57929017,-0.119273831,1.925895054,0.410894948,0.722918378,2.613192708,2.736731067,1.54635961,1.052395749,1.923058311,1.072554513,2.937604503,2.312456522,1.029749451,3.192316182,3.064951262,1.443439359,3.547494714,1.118486881,-0.430033806,2.123873978,2.644651273,2.416290808,2.553447035,2.305805578,2.066870113,2.874446372,-4.594755359,0.803935974,2.640514782,2.495508267,2.65702943,3.31025877,2.737837727,2.311268263,2.052198427,2.669545929,3.262250739,3.542438376,1.97043519,0.480539372,2.488604321,0.75510695,1.951308696,0.215953861,2.986183746,3.528080648,1.54056614,2.304292459,0,0.347706536,1.650716785,0.669019957,2.453723781,2.605071978,2.873702314,1.851074187,1.685661846,2.070783529,3.532509776,2.230900877,-1.218870686,1.004885349,1.311885181,-0.456022116,-0.346973224,-0.367160781,0.849400185,3.426504828,2.510799634,1.614168773,-0.111729632,-0.406357305,2.262770489,2.733471283,3.120819772,2.248944769,3.378981399,3.562869178,0.528491496,1.286417022,-0.137913588,0.376412782,0.861082318,1.882755612,1.967204303,2.867512733,3.704405235,0.369204152,3.093262002,2.970168165,0.856528677,2.770036685,0.047305715,0,2.236115768,2.652845929,3.22953749,2.437315304,2.259556091,2.990135099,2.636274035,3.385677123,3.308424412,3.176648424,3.336839262,3.526867529,2.329152993,2.329152993,0.509540511,-0.713043717,1.998132959,0,2.314144553,0.467266541,1.405040318,1.226678796,-0.332271415,2.210414891,3.017661763,0.116502008,1.393877028,3.561346668,0,-1.623849792,1.702329293,-0.041508815,1.277494607,2.994783857,1.626816147,3.012688298,3.174906925
"4","ETHA_MICx0.25","ETHA","Cell Wall (Arabinogalactans)","MICx0.25",0,0.788097599,0.080927961,0.822831426,0.730094117,0.19759996,-0.373195269,-0.125228576,0.384400393,0.401962522,-0.472992464,0.318921629,0.150721925,-0.018983103,0.492560378,0.598246584,0.591564785,0.696759749,0.246961858,-0.143317106,0.502507183,0.865236689,0.313562496,0.484009833,0.569450837,0.521061736,-0.194322925,0.387110848,0.334107843,-0.498469865,0.361942701,-0.490722113,0.488826368,0.418932522,0.553202014,-0.045247972,0.400147537,0.286437819,0.115042631,0.67104961,0.478626867,0.145212273,0.890916472,0.682885707,0.405948082,0.703604739,0.227672612,0.353489746,0.720694065,0.524233977,0.741764422,0.776784385,0.633681612,0.466262823,0.487598208,0.577565442,-0.214121288,0.554466064,0.420410351,0.987363174,0.51124686,0.380245034,0.534588978,0.137449349,0.515669074,0.77827043,0.890658593,0.193087555,0.272624194,0.269708347,-0.0045034,0.577559922,-0.041236267,0.540168862,0.613156522,0.188308514,0.685313446,0,-0.206537784,0.661409115,0.346142297,0.478010867,0.333878367,0.483674437,0.185922743,0.365356751,0.65132935,0.567620368,0.233499169,-0.210226525,0.363986516,0.327093428,-0.18170879,-0.324442232,-0.419990242,0.307981812,0.788997612,0.592943347,0.505840098,0.141354837,0.152161449,0.273732187,0.365525,0.790877126,0.405201015,0.706268797,0.807744635,-0.031793716,0.363746982,-0.168267529,0.035818373,0.217469249,-0.070574362,0.593861715,0.777106064,0.731412242,0.178165453,0.524888333,0.688766506,0.169551699,0.929261984,-0.133266531,0.133266531,0.305091422,1.045986205,0.663615563,0.770569422,0.304839442,0.606992524,0.627563182,0.697204941,0.800169422,0.78283474,0.633170851,1.26216295,0.137649854,0.137649854,-0.067010507,0.064873102,0.561978126,0,0.570164391,0.253996607,0.284423461,0.265737522,-0.160235187,0.539858866,0.779877151,-0.593036026,0.377631752,0.574899359,0,-0.316237039,0.345590968,0.500303977,0.432713474,0.666061815,0.447918204,0.647246006,0.753325719
"5","ETHA_MICx0.5","ETHA","Cell Wall (Arabinogalactans)","MICx0.5",0,2.030907367,0.824093371,1.746867975,2.112598065,0.662928348,-0.168044703,0.14860687,1.221045996,0.802656482,-1.24303966,1.153779636,0.721882778,0.31387975,1.936889733,1.848131897,2.354969698,1.857090671,0.519258899,-0.112352137,1.215429787,2.260149578,0.768636456,0.811686524,1.397065776,1.368276244,-0.264181374,0.842729855,0.642407118,-0.511231279,1.059274688,-0.678530136,2.066954354,1.158144244,1.649457299,0.474807706,1.034142035,1.238573504,0.86757143,1.986230272,1.907307094,0.615262421,2.122527792,2.093660367,0.927138008,2.071749442,0.87776626,1.367334978,1.776210972,1.65185359,1.815590192,1.855063471,1.794528383,1.564049987,1.537056376,1.843400854,-0.396081408,1.637494325,1.424587329,2.24689707,1.73511859,1.333537163,1.60452987,0.970805008,1.674846016,2.151061322,2.273033483,0.688748203,0.979995066,0.807887194,0.397264125,1.576914421,0.192058277,1.487843443,1.951179561,0.702467059,2.056670974,0,0.13644185,1.37028184,0.681873916,1.818161677,1.157743491,1.571338864,0.721166884,0.941287523,1.566602497,1.923575747,0.8769958,0.104085633,1.169216261,1.142703365,-0.185233965,-0.135997142,-0.465057329,0.959622603,2.141622946,2.213350655,1.929805206,-0.00250646,0.213466322,1.05096869,1.303853827,2.267206736,1.005618507,1.816259075,1.890488189,0.102303255,0.948651078,-0.360851053,0.137526906,0.521309504,-0.002508932,1.496420611,2.196152646,2.19568967,0.680620167,1.728707643,1.830236005,0.091267459,2.201724809,-0.180572246,-0.047305715,0.937178938,2.458141499,1.906784923,2.065874661,0.954597935,1.73066005,1.766815994,2.147461769,2.242680433,2.100749773,1.897211769,3.206021025,1.052460481,1.052460481,-0.266065886,0.579393575,1.376059481,0,1.79100496,1.094859186,0.996404123,0.91426363,-0.181201666,1.62986193,1.979343124,-0.765621606,0.897244689,2.034942868,0,-0.612048681,1.272427085,1.498487451,1.111312327,1.928064692,1.068865333,2.02975743,2.111309051
"6","ETHA_MICx1","ETHA","Cell Wall (Arabinogalactans)","MICx1",0,1.812651621,1.672777505,1.186811164,1.888339124,0.228846555,-0.651911297,-0.35574478,0.670312741,-0.164315416,-2.582663127,0.774928278,0.320927922,-0.33658494,2.153610437,1.905223382,2.951871812,1.365633079,-0.837336581,-1.038393586,0.938998928,2.605660487,-0.032717302,0.605040631,0.732340208,1.516875858,-1.052726942,-0.199148131,-0.487992145,-1.349116106,0.76785736,-1.685791813,2.610427088,0.728549321,1.483065641,0.00025691,-0.152207572,1.067693282,0.192927489,2.174273849,2.385077127,0.176119725,0.683634327,1.995031847,0.093508613,2.356119675,0.462337416,1.736605828,1.201575926,1.869720668,1.274384185,1.69176705,1.364065904,1.030102032,1.418491921,1.481613182,-1.387314003,1.575856869,1.004128132,1.754058843,2.213399024,1.093155608,1.317678622,1.017473067,1.643702104,2.304317765,2.331761687,-0.139274789,-0.012474988,0.645756507,-0.7126556,1.36743079,-0.608439229,1.14411467,2.444001578,0.251837903,1.672907055,0,-0.563655308,0.493784026,-0.282546986,2.208399149,0.706534354,1.53191571,-0.096251801,0.088633869,0.597551543,2.184302884,0.231156248,-1.349854294,1.020457193,0.940909539,-0.92850396,-0.673891389,-1.149983273,0.76447931,2.155640242,2.830110556,1.497955411,-1.277356916,-0.898764383,0.444950451,1.411344249,2.434741247,0.454481918,1.343258361,1.536356019,-0.598162618,0.199701485,-1.367068938,-0.646575539,0.024547608,-1.022132824,0.623402917,2.222101648,2.642199542,-0.038539376,1.737961845,1.493378951,-1.370953537,2.552109113,1.355480655,0.689659879,0.161369281,2.881355504,1.843357643,2.002846896,0.26988883,1.874168044,1.433040539,2.300492335,2.244827275,2.314534242,2.826408455,3.12309675,0.868091868,0.868091868,-1.547078834,-0.134894453,0.465211076,0,1.794540751,0.943595922,0.528037749,0.05414516,-1.342589986,0.828543048,2.420290281,-1.748795337,-0.114656895,2.573761713,0,-1.689877327,0.470453038,0.526127553,0.220968943,2.028070214,0.263171096,2.479938542,2.223890261
"7","ETHI_MICx2","ETHI","Cell envelope, Mycolic Acids","MICx2",0,-0.095198537,-0.297028793,-0.159862448,-0.026656839,-0.288030231,-0.717089098,-0.367969429,-0.14257833,-0.440243733,-0.567915003,-0.050722549,-0.419657768,-0.325668516,-0.268569963,-0.06902847,0.00338097,-0.221607898,-0.355687884,-0.604484373,-0.242228921,-0.071430544,-0.027487466,-0.952867453,-0.199480671,-0.311160634,-0.498108394,-0.389019253,-0.452301678,-0.434056931,-0.549993902,-0.3936841,-0.486900552,-0.03622577,-0.02064431,-0.112477995,-0.24037547,-0.110807725,-0.179626564,0.018970285,-0.203291367,-0.319972782,-0.3007675,-0.114388391,-0.236799478,-0.068491946,-0.196098905,-0.50372739,-0.218745034,-0.08592127,-0.311505512,-0.090055583,-0.243394692,-0.352928322,-0.084422125,-0.336170425,-1.375064905,-0.021639944,-0.221306957,-0.025712077,0.121095508,-0.251487747,-0.099710641,-0.048627289,-0.058294341,-0.098708917,-0.016386412,-0.130866258,-0.21765913,-0.201558868,-0.265259157,-0.24124999,-0.204540695,-0.181069546,-0.107233223,-0.33965449,-0.065780557,0,-0.509514336,-0.371402121,-0.60436691,-0.038372094,-0.165274254,-0.06938895,-0.084070159,-0.301727467,-0.180695959,-0.447522185,-0.035594815,-0.704007902,-0.262980383,-0.150758271,-0.451438552,-0.463632066,-0.4861954,-0.415294468,-0.036931705,-0.153586855,-0.080812046,-0.534460753,-0.45202229,-0.098447783,-0.14234445,-0.078365098,-0.330044468,-0.129518504,-0.10350022,-0.386069368,-0.436761968,-0.539329124,-0.314270391,-0.439465489,-0.365629194,-0.105667694,-0.13504996,-0.066058618,-0.322766527,-0.095576527,-0.163732386,-1.571016572,-0.113147671,-0.040641984,0.367731785,-0.10136408,0.016282187,-0.004608202,-0.056962461,-0.183629189,-0.138954841,-0.076906347,-0.109024285,0.00841583,-0.053871161,-0.204737797,-0.093577928,-0.353312334,-0.353312334,-0.171443721,-0.320706987,0.006905481,0,0.078318764,-0.474956054,-0.219286669,-0.360786863,-0.533054715,-0.316855827,-0.188641232,-0.50533744,-0.193023418,-0.157375869,0,-0.398556503,-0.204425595,-0.370622733,-0.157433385,-0.077420428,-0.191689645,-0.078145772,-0.18825259
"8","ETHI_MICx4","ETHI","Cell envelope, Mycolic Acids","MICx4",0,-0.824568238,-0.551750722,-1.070173167,-0.907311438,-1.19719509,-1.897661343,-1.794111756,-0.728799827,-1.929163443,-3.309881278,-0.670055054,-1.787937099,-2.202866365,-0.928901382,-0.616394136,-0.430296675,-0.976373401,-2.507479583,-2.433856176,-1.287597027,-0.261225384,-0.921490146,-2.996929237,-0.968526523,-0.911748393,-2.339749174,-2.437308555,-2.347185042,-1.88106682,-2.122583183,-2.353763503,-2.019343208,-0.746472596,-0.82430526,-0.971779132,-1.783548272,-1.63385668,-1.33653779,-0.412665408,-0.208594957,-1.892414104,-1.383184812,-0.523235222,-1.740819356,-0.595018009,-1.631414869,-2.350601848,-0.970027613,-0.861751832,-1.90385247,-1.339316587,-1.14689017,-0.982441629,-1.177438796,-0.762871179,-3.231742637,-0.774298229,-0.63941454,-0.070353933,-0.446034093,-0.687984566,-0.569855608,-0.169466556,-0.934414439,-0.505640048,-0.544601469,-1.095214176,-1.986829422,-1.433303248,-1.90805374,-1.661591038,-1.438695905,-0.877403955,-0.377202457,-1.362334879,-1.066878081,0,-1.995973326,-1.6551411,-2.585173628,-0.752785934,-0.832995505,-0.947963,-0.999451921,-1.302675383,-1.359025044,-2.148530902,-0.836160041,-2.786778929,-1.69937315,-0.839968846,-2.390557892,-1.975198041,-2.562192314,-2.077658055,-0.29894548,-0.773341331,-0.883102417,-3.020587238,-2.722507789,-0.696281981,-1.411895305,-0.161782385,-1.34265869,-1.026115042,-0.762130548,-2.070487699,-2.389189828,-2.644124673,-1.856004273,-2.072612707,-1.995818229,-1.198832964,-0.402050482,-0.333584448,-2.149739082,-0.63486792,-1.05399039,-3.704556227,-0.221731695,-0.263034406,0.009277814,-0.737716346,-0.923634709,-0.690190029,-0.93742409,-1.028907103,-0.437005389,-0.842163531,-0.386816793,-0.437611191,-0.50043669,-1.769133875,-0.109130176,-1.209544678,-1.209544678,-1.099598757,-2.028116524,-0.657604441,0,-0.488744416,-1.383603249,-1.844407332,-2.2280658,-2.421117133,-1.549630015,-0.543560312,-2.558912373,-1.69263713,-0.40706319,0,-1.918987363,-1.317268417,-1.51638476,-1.229861308,-0.63049696,-1.549378616,-0.433984743,-0.49684925
"9","ETHI_MICx8","ETHI","Cell envelope, Mycolic Acids","MICx8",0,-1.337741498,-1.19434004,-1.084940615,-1.237293538,0.137841884,-0.953617749,-0.941168815,-1.819994573,-1.176085198,-3.334251267,-1.746716362,-2.867623632,-1.400172042,-1.36921441,-1.567213492,-0.675153126,-1.298661803,-2.656300956,-2.194432931,-2.078950354,-1.168794097,-1.844358976,-2.982864905,-1.674771426,-0.618890038,-2.135400725,-1.822675721,-2.74711964,-1.202517912,-1.62554053,-2.777272652,-1.532097667,-1.695804311,-1.456625824,-2.36117961,-1.985214516,-1.651134672,-1.165389647,-1.350938577,-1.583019009,-1.887133996,-0.793719878,-1.308355722,-1.775422809,-1.448922047,-1.200932059,-2.128536087,-1.728656829,-1.548027023,-1.629036971,-1.431355345,-1.580468361,-0.603482589,-1.786509395,-1.448490989,-2.394935097,-1.520689287,-1.537621097,-0.565625492,0.061400545,-1.223571488,0.163105025,0.14403896,-1.31107427,-1.282391809,-1.012130671,-2.183879235,-2.157393709,-2.662973439,-2.281390755,-1.594974304,-2.509323341,-1.813906438,-1.452729789,-0.161142817,-1.699558083,0,-1.403092277,-2.449918222,-2.653265443,-1.529151755,-1.744302997,-1.69601032,-1.977976373,-1.94560034,-2.323833804,-1.64146816,-1.953174511,-2.467653091,-1.737911314,-1.256228081,-2.129373676,-1.153789583,-2.123937322,-2.682698635,-1.239955454,-1.626141465,-1.036695995,-2.753154032,-2.709046596,-1.768530147,-0.599332092,-1.266581302,-1.121385288,-1.389544709,-1.599174621,-2.05214669,-2.422850881,-2.303389859,-1.164113108,-0.841070849,-1.902725723,-1.439692094,-1.593283868,-1.049629463,-2.181013223,-1.535486389,-1.294382239,-2.716173669,-0.850113265,-0.061400545,0.438121112,-1.80260921,-0.974464908,-0.975237689,-1.419289863,-1.895828474,-1.22934209,-1.733801165,-1.390598906,-1.274318597,-1.377643742,-1.324275611,-0.392652617,-1.531719156,-1.531719156,-2.088851323,-2.43414225,-1.814989323,0,-0.733107545,-1.610319419,-1.760334093,-2.6236829,-2.494031666,-2.2173746,-1.125292097,-2.434067928,-1.569101643,-1.12054358,0,-3.203846203,-1.707902056,-1.406477905,-1.721001786,-1.191831101,-1.245294843,-1.553400794,-1.217599136
"10","GSK_KasA_MICx2","GSK_KasA","Cell envelope, Mycolic Acids","MICx2",0,-0.938420631,-0.381808694,-0.878704618,-1.371280804,-2.293428052,-1.97179052,-1.928442483,-0.881116153,-2.735522177,-0.898573649,-0.643119181,-1.367258839,-1.710821993,-1.193333593,-0.849462316,-0.507875235,-0.658373181,-1.098298909,-0.949437545,-0.681124921,-0.726981506,-0.62199047,-1.537710056,-1.84317989,-1.296610487,-0.65377277,-1.38922882,-0.897939363,-0.836820529,-0.504877459,-0.768618104,-1.482623844,-0.659303269,-0.867058847,-1.1819129,-0.879925087,-1.062654548,-2.138537491,-0.837882269,-0.97563666,-1.53107081,-2.22858119,-1.162622465,-1.19013314,-0.932050931,-1.212838651,-1.994241442,-0.508206983,-0.912361374,-1.485249755,-1.100713147,-1.10872188,-1.478971805,-0.810639973,-0.842457453,-0.762954803,-0.758135348,-1.167631271,-1.382473919,-1.279268085,-0.921312773,-0.729931895,-0.858778728,-0.996961375,-0.986404468,-0.680960827,-0.610830242,-0.964882688,-1.052294905,-0.881717563,-0.675265105,0.221311348,-0.811169896,-0.929991502,-1.970414143,-0.913051697,0,-1.723701738,-0.374293264,-0.928112948,-1.837982992,-0.427968625,-0.872832335,-0.430632761,-2.104411343,-2.988690973,-0.864048797,-0.610065611,-1.087738233,-0.484042102,-0.612622268,-0.785645866,-0.907813058,-0.83442949,-1.373190985,-1.023987469,-1.068295598,-1.171774972,-0.716535355,-0.629092583,-0.58226176,-1.659678419,-0.743887258,-0.982168968,-0.942300992,-0.854457828,-0.535947101,-1.185211994,-1.272271622,-1.385703185,-2.477037485,-1.141358966,-1.422189762,-1.144912969,-0.779261389,-1.118527133,-0.803602787,-0.89685984,-0.972544876,-0.551764426,-0.163498732,0,-0.663093077,-0.528171159,-0.991340864,-0.580192654,-0.473201025,-1.315295216,-1.473085915,-1.139852864,-1.034215715,-0.886474212,-1.081987931,-0.31005326,-1.937991471,-1.937991471,-1.201547318,-0.587358599,-0.833812829,0,-0.719870729,-0.299585656,-1.116921483,-1.486635323,-0.670523379,-1.535190302,-1.161482778,-0.963122318,-2.05730159,-0.822128355,0,0.302704159,-1.613335883,-1.624777109,-0.945443564,-1.156855266,-1.598262027,-0.859978752,-0.999577617
"11","GSK_KasA_MICx4","GSK_KasA","Cell envelope, Mycolic Acids","MICx4",0,-1.593515438,-0.080846473,-1.39502671,-1.823509414,-1.824689533,-1.973066677,-2.145265184,-1.389804406,-2.461083008,-1.757359004,-0.975276198,-1.800665472,-2.074858796,-1.724908206,-1.285063216,-0.63076619,-0.960961155,-1.588121288,-1.475987399,-1.515534764,-1.297952822,-1.080197466,-2.386694385,-2.084625236,-1.585162445,-1.401828239,-2.223378434,-1.787073978,-1.590348034,-1.54478287,-1.418558923,-1.964830854,-1.034861526,-1.623115944,-2.013202505,-1.963707445,-1.671993979,-2.501432685,-1.415628042,-1.282684844,-2.319647431,-1.978780047,-1.435651282,-1.905992341,-1.389365029,-2.037526011,-2.258342711,-1.294188254,-1.563284512,-2.06217838,-1.838326662,-1.71416693,-1.874109747,-1.15127306,-1.529740412,-1.624539449,-1.394598046,-1.625577193,-1.47332735,-1.451994437,-1.169561206,-0.554845188,-0.431374265,-1.464146905,-1.486439019,-0.835385716,-1.081120967,-1.837608072,-1.836840212,-1.64099497,-0.972634123,0.008815928,-1.408779595,-1.396804922,-1.945508802,-1.50418369,0,-2.247843299,-1.18027014,-2.099294324,-2.534386139,-0.900317629,-1.313482524,-0.867574076,-2.336977648,-2.930879822,-1.291062244,-0.993173132,-1.545517765,-0.818761143,-1.310994129,-1.669657102,-1.431222523,-1.641009811,-2.0573343,-1.372362674,-1.543988605,-1.836149161,-1.545292692,-1.467380503,-1.100816418,-2.35281301,-1.200392442,-1.522943906,-1.582022082,-1.235151596,-1.423613982,-1.880045975,-2.040033994,-1.991400692,-2.380661424,-1.719519497,-2.148572017,-1.54373566,-1.267312758,-1.768248512,-1.288627575,-1.478390075,-1.826526023,-0.705689229,-0.485426827,0,-1.00449963,-0.990670824,-1.401239288,-1.203887549,-0.871960772,-1.369120171,-1.869475992,-1.453342129,-1.392493544,-1.358786516,-1.868108397,-0.507894569,-1.674298019,-1.674298019,-1.375027794,-1.434308177,-1.221928036,0,-0.876128725,-0.397358293,-1.958699867,-1.943766339,-1.521447488,-2.056295655,-1.670898243,-1.72232656,-2.521917744,-1.196889332,0,-0.381181721,-2.177445362,-2.093918853,-1.485706257,-1.724414721,-2.022992555,-1.370636088,-1.423112579
"12","GSK_KasA_MICx8","GSK_KasA","Cell envelope, Mycolic Acids","MICx8",0,-3.226124555,-1.742477571,-2.73306114,-3.363756113,-1.73331518,-3.017141651,-3.128821281,-3.575464597,-2.779701626,-4.987287661,-3.381592761,-4.596692501,-3.539868937,-3.107304915,-3.348112358,-2.347367673,-2.554810442,-4.023341214,-3.581803313,-4.199118769,-2.918699898,-3.815284651,-4.635977179,-3.580145484,-1.989905609,-3.408660273,-3.883191634,-4.431581607,-3.149197694,-3.010623629,-3.730765205,-3.156520073,-3.75920248,-3.054797199,-4.757079547,-4.1091195,-3.441675148,-3.586824176,-3.718486174,-3.08148533,-3.482795612,-2.451221009,-3.176313919,-3.286104693,-3.360592194,-3.044881599,-4.119826187,-3.484814164,-3.663961532,-2.992992753,-3.263034406,-3.407909722,-1.822348319,-3.297344522,-3.914679887,-4.015416084,-3.199286248,-3.404114948,-2.468895103,-1.89677928,-3.463413204,-0.850589351,-1.333654445,-2.891761071,-3.318161625,-2.606175028,-3.848422639,-4.214101922,-4.725978033,-3.796433318,-2.592474109,-3.201661801,-3.620554157,-3.187323985,-2.413963375,-3.526575654,0,-2.912290583,-3.56824485,-4.255409217,-3.805631694,-3.431859541,-3.562410866,-3.588926038,-3.358143716,-4.151096161,-3.191566574,-3.702400952,-3.312853527,-3.07783926,-3.508035258,-3.909133861,-2.650112096,-4.177992283,-4.937673922,-3.234696466,-3.529160136,-2.842541263,-4.294468657,-4.175068305,-3.384526683,-2.851545974,-3.327641885,-2.385891154,-3.282251999,-3.397226403,-3.003346162,-3.696822462,-3.816328282,-3.137614105,-2.860041157,-3.077968497,-3.728749455,-3.556765609,-2.944991952,-3.721891033,-3.409411263,-2.846767092,-3.683116375,-2.400371481,-0.485426827,0,-3.727267387,-2.47082222,-2.937572828,-2.653770259,-3.319719002,-2.498002939,-4.035495482,-3.308516768,-3.452738208,-3.161654048,-3.336055982,-1.272749561,-3.060968598,-3.060968598,-3.329564258,-4.211616658,-3.401067685,0,-2.383541713,-2.44327683,-3.597578381,-4.010197279,-4.033249343,-3.909511296,-2.808476115,-4.204104201,-3.632741317,-3.171798351,0,-4.092380571,-4.152737822,-3.147913743,-3.192026533,-3.083134847,-3.168562867,-3.411720792,-3.176322773
"13","Levo_MICx0.25","Levo","DNA Replication; Transcription","MICx0.25",0,1.05742348,0.774695483,0.767451686,0.916112519,0.708083558,0.384178999,0.46181703,0.840380477,0.603239634,0.435317909,0.793483059,0.763834876,0.360833643,1.043718424,0.897810927,1.10489964,1.051856266,0.471764906,0.512687779,0.896404405,0.57333654,0.815394164,0.926567763,0.983794866,0.614580603,0.418312284,0.699444396,0.660048802,0.423215519,1.078532846,0.324584974,0.930502744,0.849896654,0.771870628,0.681792106,1.061796445,0.568129246,0.748227143,0.927815908,1.158935706,0.764449625,1.160161121,1.047839137,0.714863827,1.125540697,0.717976008,0.873294185,0.90507581,0.887674442,0.92280535,1.012959884,0.919589225,0.53742249,0.966439624,-0.216562504,0.442769078,0.930180442,0.82627835,1.316523203,0.786280406,0.856111467,0.910588919,0.769404125,0.775757445,1.077787912,0.977696863,0.735095449,0.779606418,0.830455443,0.533128656,0.794113573,0.522660996,0.926873085,1.07065849,0.818745251,0.942347751,0,0.379186654,1.000787243,0.709894107,1.196152628,0.867090377,0.892599439,0.731284309,0.871880924,1.095005551,0.941307035,0.780164531,0.238312322,0.636270843,0.6267652,0.366709619,0.411477765,0.324715294,0.773071807,1.051443709,1.068950116,0.793584729,0.460865227,0.626498344,0.802264426,0.740209609,0.963853615,0.954330056,1.025775127,1.097639459,0.599528502,0.732091371,0.551542793,0.476415059,0.631574962,0.767800003,0.900591758,0.949469597,1.087974846,0.624552434,0.906741149,0.972111769,0.689771705,0.928422522,0.238159737,-0.30256277,0.830804284,0.937715722,0.883967057,0.686808571,0.795432849,0.903287421,0.974109585,1.097651912,0.948326799,0.902102246,0.704863111,1.015620696,0.560500443,0.560500443,0.781974169,0.511702951,1.031415588,0,0.851901361,0.765715298,0.59613518,0.799689199,0.478602976,1.070105166,1.038826214,0.468725243,0.807777782,0.998010312,0,0.629596869,0.727581259,0.893289927,0.801080594,0.831683791,0.932371951,0.867737175,1.040383957
"14","Levo_MICx0.5","Levo","DNA Replication; Transcription","MICx0.5",0,1.228545765,1.00235017,0.983602349,1.227762378,0.827145288,0.664451215,0.601648292,1.210605746,0.791373822,0.555564103,1.146503077,1.318780284,0.552031859,1.25494329,1.106788016,1.271269795,1.23271649,0.636986318,0.622603632,0.977840099,0.713978208,1.167352133,0.740537976,1.124666678,0.82307365,0.33127656,0.907163987,0.504155369,0.59864654,1.060082427,0.337449803,1.152364705,1.177617082,1.043677832,1.231960172,1.06419624,0.778070042,0.92274827,1.131691649,1.3900219,0.921092474,1.239714297,1.241948721,0.94023867,1.242055636,0.773690564,1.060794553,1.04427341,1.076708267,1.119783829,1.247182741,1.12618594,0.866262513,1.209350418,-2.197288645,0.642611329,1.198218687,1.036246616,1.615960411,1.035631398,1.099658608,1.291892984,1.044084029,0.92860415,1.215523822,1.248705788,1.194484906,0.966504909,1.264041825,0.965609778,0.933667784,0.740457127,1.252942991,1.297117179,0.942658567,1.228914703,0,0.595166697,0.916769126,0.741162355,1.383610034,1.121042656,1.22649842,1.142661948,0.947575482,1.010734904,1.247125905,1.17049431,0.325286716,0.78397947,0.961501582,0.414376828,0.403191713,0.462573625,0.890241542,1.289148245,1.319983203,1.005428666,0.422375653,0.601775251,1.098636454,1.016260696,1.178604295,0.993109438,1.141858647,1.210708271,0.691640426,0.763860067,0.587550025,0.548716341,0.708016351,0.864691316,1.055765274,1.137679985,1.270626971,0.753162822,1.157653703,1.242159557,0.649832374,1.218739348,-0.197939378,-0.165059246,1.184570915,0.974327606,1.042249335,0.779717396,1.117566155,0.952635674,1.169531433,1.300924856,1.105509551,1.127854757,0.816713946,1.067853092,0.747566123,0.747566123,1.039458088,0.480153876,1.216671406,0,1.093449854,0.929088752,0.757267945,0.852400137,0.59413067,1.136656097,1.175473763,0.622944311,1.077796422,1.187115201,0,0.382174016,0.974446293,0.965754857,0.941787381,1.058039526,1.130366705,1.107557125,1.246391758
"15","Levo_MICx1","Levo","DNA Replication; Transcription","MICx1",0,1.011890232,1.5366248,0.719908145,0.735899587,-0.292831567,-0.664826923,-0.697098211,0.776813441,-0.503427725,-1.769664801,0.7738171,0.858919455,-0.921708805,0.784964731,1.070341634,1.265088279,1.156914491,-1.782142881,-0.448293582,0.508170068,1.011240948,0.424179406,-0.111219824,0.433470589,0.169552453,-1.382794061,-0.189628629,-1.370133013,-0.718034518,0.240420084,-1.279984235,-0.137314846,0.609006897,0.693849131,0.485311481,0.210332327,0.089188284,-0.201077742,0.95718465,1.262981357,-0.165376701,1.115116273,1.085617223,0.13166248,1.229252046,0.055213854,-0.978880224,0.474293872,0.825718479,0.554689127,0.85260488,0.60237514,0.16170192,0.890302079,-4.009137223,-0.35284495,0.632773114,0.658227543,1.670131619,0.612634389,1.158355597,1.608046114,0.610318075,0.56719538,1.150515383,1.245403946,0.532685172,-0.221377589,0.679398603,-0.698549821,0.100886403,-0.681516286,0.999487418,1.290129395,0.182565774,0.784291892,0,-0.973513281,0.34221574,-0.605769331,0.965534703,0.656013027,0.822734328,0.410312127,0.450287792,0.45201576,1.038904516,0.548010106,-1.589551243,-0.273365129,-0.470882514,-1.171487075,-0.904581469,-1.051872852,-0.233334031,1.452522751,0.953571643,-0.410916006,-1.263518943,-1.157558673,0.606915359,0.451174518,1.123650151,0.641103913,1.181572853,1.350589646,-0.826511725,-0.487518436,-0.944351482,-0.753486125,-0.361697399,-0.024873591,0.599723092,0.994164634,1.397652519,-0.584393085,1.022577848,0.907703819,-0.629369235,1.123013466,-0.2410081,-0.209453366,0.556573349,0.711703105,0.903589684,0.524940945,0.701075508,0.928911574,0.837192762,1.257250752,1.127537691,1.013576815,0.312847476,1.18333031,0.228981974,0.228981974,-0.530836996,-1.173905157,0.429276898,0,0.643591811,-0.144373754,-0.207625056,-0.492689554,-1.030274092,0.43228137,1.069741324,-0.839076961,0.090947132,1.218449584,0,-1.723807624,0.124107376,-0.603240229,0.13202891,0.87062014,0.52603177,0.848742062,1.07163088
"16","LINE_MICx0.5","LINE","Protein biosynthesis","MICx0.5",0,-1.785905818,-2.116926664,-1.563724151,-1.924154328,-1.641194195,-1.620921868,-1.532669894,-1.841039178,-1.652720554,-1.861712156,-2.087652832,-1.719203626,-1.608631569,-1.776018832,-1.817243413,-1.687195043,-1.918252885,-2.136327145,-1.804258437,-1.617783957,-1.790543667,-2.198104759,-1.675937892,-1.687893097,-1.90420004,-1.50531581,-1.697178036,-2.00101259,-1.929734507,-2.007312205,-1.89816991,-1.815329374,-2.136897015,-1.823727286,-2.080844492,-2.056486253,-1.756280174,-1.843398943,-1.816208758,-1.765166232,-1.953759114,-1.096229667,-1.888227042,-1.739999654,-1.826699276,-2.025124594,-3.07302921,-1.733368313,-1.94329109,-1.912952348,-1.618781581,-1.880799697,-1.93446684,-1.772685223,-1.522388243,-1.956579417,-1.975219795,-1.809032386,-1.576456019,-1.544805374,-1.806348936,-1.263833904,-1.673128855,-1.843684794,-1.763535637,-1.833552795,-2.296055864,-2.112469263,-1.976774983,-2.311713429,-1.654841907,-2.546787304,-2.059588079,-1.87138567,-1.524855123,-1.873985926,0,-1.841931986,-2.009838568,-2.101656924,-1.950747987,-1.79534604,-2.108748979,-2.343997094,-1.808905872,-1.941884635,-1.781804077,-2.186329902,-1.626233569,-1.85224727,-2.235065136,-1.762047728,-1.697765253,-1.695503754,-2.135539823,-1.554691338,-1.981467602,-2.002485263,-1.944071307,-1.978428453,-1.904437406,-1.640550716,-1.787193911,-2.022924662,-1.717690842,-1.87500919,-2.118202774,-2.1327328,-1.756016865,-1.739956616,-1.493269231,-1.930600451,-1.798937498,-1.891414822,-1.73418709,-1.725374431,-1.913121894,-1.671312072,-2.080190957,-1.736124127,0.713695815,-0.299560282,-2.172765585,-1.592735953,-1.679376175,-1.855020814,-2.164918237,-1.471341542,-2.033865395,-1.782557082,-1.819416204,-1.799653685,-1.679175157,-1.611358235,-2.222064962,-2.222064962,-1.997274498,-1.845442229,-1.701273887,0,-1.737201695,-1.822851073,-1.977260138,-2.256810418,-1.910268649,-2.126703814,-1.900309123,-1.926691827,-1.875891562,-1.81859709,0,-1.603304137,-2.10373382,-2.282548687,-1.849302493,-1.683826156,-1.607118425,-1.893341268,-1.811579763
"17","LINE_MICx1","LINE","Protein biosynthesis","MICx1",0,-1.130662011,-2.027014524,-0.909909172,-1.095399334,-0.853420579,-1.192945765,-1.337045291,-1.802546427,-1.471817855,-2.520866037,-1.89805994,-2.244061255,-1.672375705,-1.484745722,-1.415054216,-0.708885387,-1.058245579,-2.297912625,-1.683016372,-1.763993009,-0.95582883,-2.079799359,-2.192665974,-1.577323373,-1.120785523,-1.671193979,-1.688203232,-2.065223133,-1.735419621,-1.629888998,-2.097912922,-1.900714425,-1.950907248,-1.390460409,-2.442732285,-1.813883054,-1.456613953,-1.61963068,-1.228722379,-1.320855394,-1.800586497,-0.557683335,-1.231359987,-1.278949757,-1.102602405,-1.431523175,-2.174849983,-1.45994403,-1.520559702,-1.373443666,-1.32296439,-1.418009066,-0.680557169,-1.387599746,-1.422546779,-2.192075441,-1.645291522,-1.644117484,-0.593573077,-0.647849757,-1.549413591,-0.351621668,-1.076698012,-1.293804753,-1.266155435,-0.82433735,-2.272491634,-2.111813509,-2.296284561,-2.214327198,-1.284874374,-2.402317883,-1.620733321,-1.416885217,-0.8399304,-1.149784547,0,-1.538783726,-1.661821938,-2.106871306,-1.557238781,-1.719806101,-1.452189732,-2.228028102,-1.958385304,-1.764012724,-1.000187084,-2.253329864,-1.690319526,-1.795897696,-2.067820766,-1.919460917,-1.635765227,-1.818947303,-2.427910931,-0.944707933,-1.425779834,-1.403769608,-2.13898526,-2.100113106,-1.865796843,-1.223579928,-1.166486471,-1.462954048,-1.189649145,-1.360673713,-1.843481881,-1.981566537,-1.825691415,-1.755104978,-0.910285057,-1.817103526,-1.165295268,-1.374414912,-0.852656133,-1.486129454,-1.497229633,-1.170997852,-1.982350777,-0.889516944,0,-0.870716983,-2.096857301,-0.686026635,-1.031945374,-1.14428502,-1.997907434,-0.761619269,-1.637300409,-1.203039038,-1.140730793,-1.228891394,-1.56231867,-0.018705072,-2.185670724,-2.185670724,-2.122782705,-1.959633467,-1.647886674,0,-0.822618382,-1.59179314,-1.699118623,-2.301961291,-2.322243835,-1.799753384,-1.176073808,-2.407975067,-1.560018282,-1.177076958,0,-2.24302973,-1.833597835,-1.729101285,-1.578536232,-1.241836413,-1.118282501,-1.325944699,-1.082191004
"18","LINE_MICx2","LINE","Protein biosynthesis","MICx2",0,-1.967317611,-2.11791923,-1.656454115,-1.866914487,-1.228268988,-1.556826711,-1.869973215,-2.708029744,-1.90863967,-4.213538641,-2.759392544,-3.428050391,-2.350696483,-2.317506646,-2.399557309,-1.444268211,-1.885467918,-3.403608224,-2.749591033,-2.985221654,-1.764195777,-3.00914791,-3.416842667,-2.47744074,-1.706891206,-2.740452225,-2.460157439,-3.397780758,-2.547522284,-2.508835441,-3.446048246,-2.502300293,-2.789747275,-2.179128939,-3.534926534,-2.843841536,-2.187447169,-2.407922016,-2.162031762,-2.345400331,-2.795288401,-1.266506932,-2.021088242,-2.239784024,-1.941659455,-2.183640995,-2.942120372,-2.425508116,-2.475199552,-2.052355405,-2.118703693,-2.241083412,-1.02420546,-2.331782175,-2.146353008,-3.404093945,-2.452646444,-2.591202937,-1.277611538,-1.005099155,-2.368227824,-0.328436881,-1.144893442,-2.158769485,-2.100315298,-1.538946446,-3.252858554,-3.340654964,-3.259630353,-3.111932618,-2.18208891,-3.359526886,-2.513850795,-2.282294708,-1.094422048,-2.06491563,0,-2.103161895,-2.670708069,-3.167888274,-2.513010647,-2.674443111,-2.289852954,-3.184707919,-2.652519655,-2.781841203,-1.734971544,-3.185320142,-2.755760701,-2.537381052,-2.737943213,-3.171438664,-2.422432893,-3.055291393,-3.919764027,-1.880236722,-2.419281406,-2.056120086,-3.354116112,-3.357001035,-2.919283004,-1.79175652,-2.020522182,-1.934057914,-2.007787742,-2.18245257,-2.807549434,-2.866842882,-2.845541932,-2.431167766,-1.473755641,-2.673143287,-1.936896202,-2.221868789,-1.702120481,-2.656096325,-2.394715751,-1.890321854,-3.085866569,-1.521967092,0.485426827,-0.678071905,-2.875201636,-1.401995423,-1.783606319,-1.976074161,-2.767376648,-1.644821935,-2.597954064,-2.064947728,-1.884145207,-2.023252877,-2.23143591,-0.548398768,-2.663230575,-2.663230575,-3.378132658,-3.272444731,-2.617687257,0,-1.564707894,-2.636875887,-2.693680873,-3.517822053,-3.597566692,-2.819998092,-1.90902634,-3.864070612,-2.467046782,-2.006760353,0,-3.713736012,-2.835589132,-2.414634305,-2.625578771,-1.853944976,-1.923371633,-2.144641881,-1.974651093
"19","PAS_MICx2","PAS","Folate (DNA/RNA Precursor)","MICx2",0,1.428339572,0.085163556,1.226209798,1.57417492,1.140921455,0.918325491,0.962914128,0.649919971,1.592736858,0.007375132,0.525207562,-0.335512549,1.214752507,0.939239684,1.127078798,2.394685403,1.35172477,0.116523988,0.9341985,1.254079711,1.803887887,0.214392992,0.820802253,0.186674783,1.394617044,1.049942006,1.359074491,0.892106192,1.312352505,1.419136866,0.088041692,1.153631024,0.611103787,0.865362021,-0.524296512,1.298811403,0.942064092,1.161831948,1.367506903,1.512725124,0.918718486,0.871223972,1.445005536,1.506601441,1.50357357,0.78234794,0.232889068,2.028277758,1.170885267,1.131023651,1.484460483,1.241839652,2.226026045,1.29038749,0.854200728,0.698850349,1.064662872,1.218886983,2.082479308,2.254951292,0.995155253,2.377145712,1.430403702,1.262906092,1.443212115,1.743071135,0.097973756,1.024295166,0.012357922,0.181408714,1.128149888,-0.001998786,0.834286511,1.191604382,1.142992541,1.337794127,0,1.174121499,1.4183724,0.760512373,1.283408612,0.675380309,0.958875873,0.122100202,0.34622054,1.560158731,1.105704813,0.308733148,-0.064559965,1.21343509,0.496003685,1.159840259,0.8224233,0.837639479,1.07476067,1.463631483,1.246149947,1.593523005,1.899403303,1.935052208,0.371835041,1.265887776,1.513707117,0.959919735,1.290889564,1.207728195,1.409140979,1.107329584,1.083942816,0.993922148,0.977465086,0.980754231,1.34318707,1.6196695,1.536104265,1.235479458,0.991759016,1.198293928,0.316173844,1.494352492,0,0,0.279890446,1.434618972,1.266912446,1.179202815,0.411380391,1.706986976,1.298836784,1.588591752,1.370023826,1.412729556,1.109929554,1.630522772,0.265603416,0.265603416,0.561561453,0.951139086,1.039711932,0,2.01982241,0.911532535,1.043053289,0.702362054,0.44066485,1.128176424,1.402625461,1.241583052,1.460767721,1.495382209,0,0.402511894,0.957443087,1.350052954,1.296483078,1.027056298,1.631357193,1.494802475,1.394339719
"20","PAS_MICx4","PAS","Folate (DNA/RNA Precursor)","MICx4",0,2.049117527,0.429238104,2.125439869,2.323493808,1.28542078,1.072149786,1.138485692,1.28666699,1.372588728,-0.55777997,1.088163396,-0.153032062,1.419858455,1.617707779,1.756988593,2.665937823,1.900282821,0.121937964,0.986228606,1.394370403,2.449917207,0.749095294,0.976753707,0.409053128,1.922838244,0.900224673,1.352580881,0.37979428,1.305039115,1.545358498,0.153426955,1.601517609,1.110950427,1.43497032,-0.119872963,0.744533933,0.95242734,1.19775537,1.981858542,2.016738283,0.85842625,1.412458457,2.083768358,1.599543252,2.153867617,1.001116781,0.622712346,2.304476664,1.663517924,1.290117269,1.785579517,1.626765912,2.759367293,1.80107783,1.43235719,0.154228382,1.608818656,1.597244935,2.47733482,2.26221446,1.520302912,2.909423862,1.710266392,1.718588249,2.118925787,2.467426741,0.698391161,0.621195479,0.365792427,0.475348237,1.608187464,0.34629865,1.437633074,1.862938819,1.284565304,1.789835746,0,1.289611873,1.722945192,0.313388606,1.714720166,1.094516287,1.672213005,0.608756411,0.734049815,1.901260521,1.565783862,0.82068338,-0.305682765,1.513751872,0.984408323,1.132264703,0.884113975,0.753756659,0.811403739,2.137306021,1.796913814,2.194787318,2.158976662,2.321588155,0.941815095,1.376484011,2.229095719,1.19997534,1.877127456,1.875859747,1.549030754,1.097822663,0.84575679,0.833153689,1.064239023,1.042251437,1.75903805,2.232614919,2.33353752,1.304608193,1.506717402,1.735492705,-0.107936423,2.109915026,0.450661409,0.047305715,0.822395799,1.981264746,1.916884606,1.602692879,0.907350712,2.299554929,1.665399391,2.251538767,2.016263903,2.051852976,0.899115617,2.673642227,1.061211226,1.061211226,0.347927186,0.922412338,1.042813562,0,2.644717243,1.437238782,1.292270702,0.38256888,0.215843781,1.298094508,2.085326105,0.916191817,1.703093978,2.193624649,-0.047305715,0.378348875,1.077269217,1.796888334,1.311803878,0.949039187,1.913200917,2.090157244,2.11366949
"21","PAS_MICx8","PAS","Folate (DNA/RNA Precursor)","MICx8",0,0.864612494,0.029146346,1.116401026,1.611076975,0.64891448,0.32727566,0.502124039,0.133745509,-0.414109781,-2.232432825,-0.181588015,-1.502029426,0.537304009,0.581138929,0.642636597,1.178179716,0.674427605,-1.448292664,-0.584397636,-0.020040555,1.280091898,-0.633464781,-0.427218513,-0.596277814,1.470549644,-0.355721552,0.234160088,-1.057128444,0.368513667,-0.141409785,-0.787707302,0.751044394,-0.312908954,0.264146933,-1.265798887,-0.390268007,-0.343428943,0.199890211,0.946205187,0.493096317,0.031929979,0.465774034,0.842941149,0.473836263,0.9999324,0.091968465,-0.032840541,0.78053609,0.546913664,0.046438539,0.589254526,0.368592819,1.262919683,0.738941782,-0.048776433,-1.27973198,0.36666904,0.897437404,1.079561235,0.903388907,0.424522461,1.386873969,0.56110441,0.630329877,0.983169925,1.433459426,-0.604479947,-1.096671069,-0.798345073,-0.783850348,0.532899337,-1.374275746,0.264150892,0.718521022,0.638817216,0.498258799,0,0.402828442,0.555971549,-1.057444136,0.657332265,-0.228073082,0.482978468,-0.921827882,0.128159298,0.430840319,0.424939357,-0.641554281,-1.42613909,0.604865686,-0.069944806,0.083299961,0.232198827,-0.496429757,-0.690358977,1.128658847,0.395038452,1.69152548,0.726543563,0.83114238,-0.427810171,1.224929029,0.832070534,0.128537542,0.575004738,0.757786063,0.364928651,-0.338353233,-0.864542103,-0.235194487,0.079960135,-0.54607974,0.564466166,1.106305959,1.348641333,0.432978433,0.404371033,0.587636635,-1.138066652,0.940249982,1.321928095,1.282933963,-0.594785436,1.045897508,0.804537463,0.481432284,-0.392979377,1.240678637,0.353740699,1.14962544,0.800022783,0.894553273,0.539786362,2.297827641,0.111665524,0.111665524,-0.996037072,-0.503658836,-0.048094288,0,1.426873245,0.599433058,0.183998731,-0.920436163,-0.999203415,-0.016079147,0.710448236,-0.430142054,0.448416125,1.018747304,-0.047305715,0.029228515,0.531426315,0.955261102,-0.141114777,-0.335851688,0.785573072,0.935059419,0.944713196
"22","RIF_MICx1","RIF","Transcription","MICx1",0,-0.453205961,-1.064885732,-0.5029388,-0.597905119,-0.987837283,-1.484399422,-1.500527377,-1.374532179,-1.472787035,-4.781365322,-0.764613059,-0.033478419,-2.323366599,-1.67044324,-0.43036856,-1.066880159,-0.125507877,-2.700765679,-2.541337083,-0.90313068,0.604689177,-1.095091392,-1.773928676,-1.624944276,-1.604133821,-2.55489951,-1.381706508,-2.829954559,-2.298585911,-1.733045338,-2.823739916,-1.258802931,-0.872120601,-1.217289381,-1.943391858,-2.307226713,-1.033015057,-1.87496532,-0.407933549,-1.741560395,-2.458523877,-1.541282315,-0.43022771,-1.266549645,-0.101524084,-1.589092956,-2.382798086,-1.159237327,-0.567566406,-0.873343016,-0.945932999,-0.884586325,-1.365827495,-1.149950294,-1.754717458,-2.739600607,-1.148153526,-0.883828618,-0.340211341,-0.176515492,-1.754083865,-0.232266184,-0.805211712,-0.999588741,-0.255591555,-0.036379303,-0.931367707,-1.819022678,-1.368889188,-2.374155786,-1.694023614,-3.060349568,-0.503774019,-0.187697393,-0.673912308,-0.588659169,0,-1.57212126,-0.969426623,-2.11511736,-0.998292701,-1.763596451,-0.494637733,-1.032066601,-2.147870847,-0.547291985,0.640674514,-1.109382856,-3.296732806,-0.9289122,-2.05147978,-2.374398016,-1.919958408,-2.614702995,-2.682548945,0.216747445,-2.035709918,-1.356881205,-2.281978837,-2.39212274,-1.915309725,-0.722942595,-0.919265256,-1.199461642,-0.166143444,-0.324956328,-2.130231526,-1.581499343,-2.815261122,-2.028443016,-1.006970708,-2.483166579,-0.783940617,-0.383520006,0.023594712,-1.853774335,-0.878807447,-0.712933472,-3.664304698,-0.053063738,0.263034406,-0.139064038,-1.042129672,-0.313763415,-0.869247224,-0.939327584,0.077303199,-0.88344849,-0.840781313,-0.188464625,-0.305653383,-0.174470052,-0.498797818,0.337135473,-0.304900515,-0.304900515,-3.201523724,-2.156515519,-1.87355266,0,-0.291902383,-1.46894918,-1.892832779,-2.891092503,-2.619650565,-2.103053225,-0.699964629,-2.887655375,-1.345705671,-0.363791454,-0.137503524,-3.755740056,-2.076273604,-1.804221259,-1.747210121,-0.740146,-1.094185005,-0.414474423,-0.16171553
"23","RIF_MICx2","RIF","Transcription","MICx2",0,-1.167202336,-1.434065739,-1.234297082,-1.277953442,-1.354007127,-1.902572287,-1.980474697,-1.744268954,-1.864593968,-4.777668472,-1.555082609,-1.15747938,-2.726837563,-2.084808938,-1.143128894,-1.56552436,-1.066759955,-2.647944607,-2.895402313,-1.493444019,-0.565712183,-1.757415696,-1.899898267,-1.994723263,-1.976419799,-3.001284953,-1.906890596,-3.286646578,-2.878338777,-2.56586247,-3.196031835,-1.469642616,-1.591979571,-1.577022957,-2.24335577,-2.1931772,-1.392712195,-2.350569655,-1.207296731,-2.279198815,-2.772421643,-1.935617459,-1.106439273,-1.841123134,-0.949723738,-1.845237893,-2.793743078,-1.409170492,-1.316658424,-1.413911398,-1.327284491,-1.577420885,-1.607178075,-1.618136671,-2.112534643,-3.001883152,-1.694718375,-1.455646598,-0.958165668,-0.843960928,-2.280288843,-0.767524628,-1.285796538,-1.611477558,-1.070454854,-0.960997043,-1.66891306,-2.101594378,-1.847476113,-2.692496914,-1.826003747,-3.161226875,-1.155742409,-1.045386628,-1.160053678,-1.177879389,0,-2.032341165,-1.175827126,-2.46533064,-1.405590136,-1.943493758,-1.246918705,-1.741728194,-2.148213856,-1.093793488,-0.315173713,-1.784764909,-3.662721783,-1.466816792,-2.43428267,-2.730878027,-2.150416037,-2.809891198,-2.575724858,-0.762322988,-2.49330283,-2.107466799,-2.606580437,-2.612310593,-2.104171722,-1.281249793,-1.597530205,-1.413863827,-0.912948999,-1.148167874,-2.438892442,-1.930788863,-3.01961962,-2.365085791,-1.504740662,-2.669253737,-1.297642871,-0.993500967,-0.856800631,-2.309749946,-1.448237631,-1.273215965,-4.055549909,-0.811862264,0.121015401,-0.30256277,-1.718780028,-0.838139763,-1.245666021,-1.454050328,-1.123491231,-1.213967535,-1.455189801,-0.989844638,-1.04551784,-1.107021105,-1.179851309,-0.500525398,-1.357888946,-1.357888946,-3.547232846,-2.501088734,-2.269774007,0,-0.924400969,-1.869325381,-2.099051064,-3.145522934,-3.032451966,-2.277887026,-1.32342378,-3.029028103,-1.700347498,-1.13056194,-0.137503524,-4.122279037,-2.365960863,-2.274587882,-1.898840256,-1.352104384,-1.694677765,-1.313438287,-0.924286731
"24","RIF_MICx4","RIF","Transcription","MICx4",0,-1.708441583,-2.408579415,-1.829249277,-1.700522104,-1.32510409,-1.806719065,-2.035581361,-2.860253404,-2.182241066,-5.088753362,-2.955911711,-3.189909086,-2.665346763,-2.556051903,-2.074785689,-1.80411591,-1.703860079,-3.837288111,-3.493295585,-2.846577847,-1.093965597,-3.339858967,-2.805953742,-2.69875029,-1.647529357,-3.283902228,-2.356247264,-3.709344142,-2.723737904,-2.59645079,-3.150242636,-1.92236352,-2.993497907,-2.191029752,-4.079678202,-3.02337429,-2.025887562,-2.630111049,-1.980300148,-2.704157061,-2.942483507,-2.196326812,-1.661331962,-2.048596803,-1.651561283,-2.269684853,-2.838664435,-2.083060351,-2.21109786,-1.947388159,-2.226489088,-2.343050449,-1.076920271,-2.313073667,-2.939024653,-3.605570343,-2.415883903,-2.523514629,-0.988211642,-0.789561619,-2.844992361,-0.717452221,-1.150345212,-2.10944861,-1.704130187,-1.327454706,-3.472903516,-2.863304961,-3.601103069,-3.401736162,-2.143648668,-3.712225898,-2.450610485,-2.00528882,-1.054969753,-2.049907044,0,-2.242856524,-2.169878551,-3.081434234,-2.158877175,-3.036576044,-2.186486141,-3.400037241,-3.097818472,-2.293057244,-0.986016592,-3.281134343,-3.866331776,-2.182203331,-3.323526726,-3.100317332,-2.183991564,-3.322498939,-3.861628321,-1.369858066,-3.016216829,-2.297180156,-3.342354837,-3.478563929,-3.2343767,-1.271397203,-2.230606627,-1.579437813,-1.613455288,-2.035643219,-2.553128854,-2.157401397,-3.376904352,-2.4788087,-1.625046648,-3.031337332,-1.925472021,-1.703161562,-1.381227981,-2.718296982,-2.382728705,-1.830972811,-3.736286519,-1.328361125,0.044394119,-0.165059246,-3.107749023,-0.979225844,-1.973769869,-1.82417254,-2.694277419,-1.693970691,-2.362377776,-1.635115998,-1.737999661,-1.705334326,-1.595726854,-0.420967388,-2.50891677,-2.50891677,-3.55967626,-3.356035685,-2.48911434,0,-1.006128104,-2.749885277,-2.723070693,-3.001824798,-3.268458348,-2.740551112,-1.795921572,-3.704430041,-2.303665474,-1.571758576,-0.137503524,-4.395324568,-2.918501886,-2.255000256,-2.570865067,-1.905207819,-1.960331443,-1.903659249,-1.670413783
